-- Insert into Instructor
INSERT INTO "Instructor" ("InstructorID", "FirstName", "LastName") VALUES
('a1234567-a123-4123-a123-1234567890ab', 'John', 'Doe'),
('b1234567-b123-4123-b123-1234567890bc', 'Jane', 'Smith'),
('c1234567-c123-4123-c123-1234567890cd', 'Emily', 'Johnson'),
('d1234567-d123-4123-d123-1234567890de', 'Michael', 'Williams'),
('e1234567-e123-4123-e123-1234567890ef', 'Sarah', 'Brown');

-- Insert into Course
INSERT INTO "Course" ("CourseID", "Title", "Description", "InstructorID") VALUES
('11111111-1111-4111-1111-111111111111', 'Math', 'Basic Mathematics', 'a1234567-a123-4123-a123-1234567890ab'),
('22222222-2222-4222-2222-222222222222', 'History', 'World History', 'b1234567-b123-4123-b123-1234567890bc'),
('33333333-3333-4333-3333-333333333333', 'Science', 'Basic Science', 'c1234567-c123-4123-c123-1234567890cd'),
('44444444-4444-4444-4444-444444444444', 'English', 'Basic English', 'd1234567-d123-4123-d123-1234567890de'),
('55555555-5555-4555-5555-555555555555', 'Art', 'Basic Art', 'e1234567-e123-4123-e123-1234567890ef');

-- Insert into Test
INSERT INTO "Test" ("TestID", "Topic", "CourseID") VALUES
('01010101-0101-4010-0101-010101010101', 'Math Quiz 1', '11111111-1111-4111-1111-111111111111'),
('02020202-0202-4020-0202-020202020202', 'History Quiz 1', '22222222-2222-4222-2222-222222222222'),
('03030303-0303-4030-0303-030303030303', 'Science Quiz 1', '33333333-3333-4333-3333-333333333333'),
('04040404-0404-4040-0404-040404040404', 'English Quiz 1', '44444444-4444-4444-4444-444444444444'),
('05050505-0505-4050-0505-050505050505', 'Art Quiz 1', '55555555-5555-4555-5555-555555555555');

-- Insert into TestPaper
INSERT INTO "TestPaper" ("TestPaperID", "PaperNumber", "TestID") VALUES
('10101010-1010-4101-1010-101010101010', 1, '01010101-0101-4010-0101-010101010101'),
('20202020-2020-4202-2020-202020202020', 1, '02020202-0202-4020-0202-020202020202'),
('30303030-3030-4303-3030-303030303030', 1, '03030303-0303-4030-0303-030303030303'),
('40404040-4040-4404-4040-404040404040', 1, '04040404-0404-4040-0404-040404040404'),
('50505050-5050-4505-5050-505050505050', 1, '05050505-0505-4050-0505-050505050505');

-- Insert into Question
INSERT INTO "Question" ("QuestionID", "QuestionText") VALUES
('12121212-1212-4112-1212-121212121212', 'What is 2+2?'),
('13131313-1313-4113-1313-131313131313', 'Who was the first President of the United States?'),
('14141414-1414-4114-1414-141414141414', 'What is H2O?'),
('15151515-1515-4115-1515-151515151515', 'What is the synonym of Happy?'),
('16161616-1616-4116-1616-161616161616', 'Who painted the Mona Lisa?');

-- Insert into QuestionTestPaper
INSERT INTO "QuestionTestPaper" ("QuestionTestPaperID", "QuestionID", "TestPaperID") VALUES
('21212121-2121-4212-2121-212121212121', '12121212-1212-4112-1212-121212121212', '10101010-1010-4101-1010-101010101010'),
('22222222-2222-4222-2222-222222222222', '13131313-1313-4113-1313-131313131313', '20202020-2020-4202-2020-202020202020'),
('23232323-2323-4232-2323-232323232323', '14141414-1414-4114-1414-141414141414', '30303030-3030-4303-3030-303030303030'),
('24242424-2424-4242-2424-242424242424', '15151515-1515-4115-1515-151515151515', '40404040-4040-4404-4040-404040404040'),
('25252525-2525-4252-2525-252525252525', '16161616-1616-4116-1616-161616161616', '50505050-5050-4505-5050-505050505050');

-- Insert into Group
INSERT INTO "Group" ("GroupID", "Number") VALUES
('31313131-3131-4313-3131-313131313131', 'G1'),
('32323232-3232-4323-3232-323232323232', 'G2'),
('33333333-3333-4333-3333-333333333333', 'G3'),
('34343434-3434-4343-3434-343434343434', 'G4'),
('35353535-3535-4353-3535-353535353535', 'G5');

-- Insert into Student
INSERT INTO "Student" ("StudentID", "FirstName", "LastName", "DateOfBirth", "Email", "PhoneNumber", "GroupID") VALUES
('41414141-4141-4414-4141-414141414141', 'Alice', 'Williams', '2000-01-01', 'alice@email.com', '123-456-7890', '31313131-3131-4313-3131-313131313131'),
('42424242-4242-4424-4242-424242424242', 'Bob', 'Smith', '2001-02-02', 'bob@email.com', '234-567-8901', '32323232-3232-4323-3232-323232323232'),
('43434343-4343-4434-4343-434343434343', 'Charlie', 'Brown', '2002-03-03', 'charlie@email.com', '345-678-9012', '33333333-3333-4333-3333-333333333333'),
('44444444-4444-4444-4444-444444444444', 'David', 'Johnson', '2003-04-04', 'david@email.com', '456-789-0123', '34343434-3434-4343-3434-343434343434'),
('45454545-4545-4454-4545-454545454545', 'Ella', 'Davis', '2004-05-05', 'ella@email.com', '567-890-1234', '35353535-3535-4353-3535-353535353535');

-- Insert into Result
INSERT INTO "Result" ("ResultID", "Score", "StudentID", "TestPaperID") VALUES
('51515151-5151-4515-5151-515151515151', 90, '41414141-4141-4414-4141-414141414141', '10101010-1010-4101-1010-101010101010'),
('52525252-5252-4525-5252-525252525252', 85, '42424242-4242-4424-4242-424242424242', '20202020-2020-4202-2020-202020202020'),
('53535353-5353-4535-5353-535353535353', 80, '43434343-4343-4434-4343-434343434343', '30303030-3030-4303-3030-303030303030'),
('54545454-5454-4545-5454-545454545454', 75, '44444444-4444-4444-4444-444444444444', '40404040-4040-4404-4040-404040404040'),
('55555555-5555-4555-5555-555555555555', 70, '45454545-4545-4454-4545-454545454545', '50505050-5050-4505-5050-505050505050');
